[
    {
      "name": "Бананы",
      "quantity": 42,
      "price": 7.89
    },
    {
      "name": "Молоко",
      "quantity": 15,
      "price": 3.45
    },
    {
      "name": "Хлеб",
      "quantity": 78,
      "price": 1.23
    },
    {
      "name": "Яйца",
      "quantity": 56,
      "price": 4.56
    },
    {
      "name": "Сыр",
      "quantity": 34,
      "price": 8.91
    },
    {
      "name": "Мясо",
      "quantity": 22,
      "price": 9.87
    },
    {
      "name": "Рыба",
      "quantity": 11,
      "price": 6.54
    },
    {
      "name": "Картофель",
      "quantity": 99,
      "price": 0.99
    },
    {
      "name": "Морковь",
      "quantity": 45,
      "price": 2.34
    },
    {
      "name": "Лук",
      "quantity": 67,
      "price": 1.67
    },
    {
      "name": "Чеснок",
      "quantity": 33,
      "price": 5.43
    },
    {
      "name": "Томаты",
      "quantity": 88,
      "price": 3.21
    },
    {
      "name": "Огурцы",
      "quantity": 77,
      "price": 2.22
    },
    {
      "name": "Сок",
      "quantity": 12,
      "price": 4.44
    },
    {
      "name": "Яблоки",
      "quantity": 90,
      "price": 0.67
    }
  ]